book_id,reason
unknown,download_or_preprocessing_failed
unknown,download_or_preprocessing_failed
unknown,download_or_preprocessing_failed
unknown,download_or_preprocessing_failed
unknown,download_or_preprocessing_failed
unknown,download_or_preprocessing_failed
unknown,download_or_preprocessing_failed
unknown,download_or_preprocessing_failed
unknown,download_or_preprocessing_failed
unknown,download_or_preprocessing_failed
unknown,download_or_preprocessing_failed
unknown,download_or_preprocessing_failed
unknown,download_or_preprocessing_failed
unknown,download_or_preprocessing_failed
unknown,download_or_preprocessing_failed
unknown,download_or_preprocessing_failed
unknown,download_or_preprocessing_failed
unknown,download_or_preprocessing_failed
unknown,download_or_preprocessing_failed
unknown,download_or_preprocessing_failed
unknown,download_or_preprocessing_failed
unknown,download_or_preprocessing_failed
unknown,download_or_preprocessing_failed
unknown,download_or_preprocessing_failed
unknown,download_or_preprocessing_failed
unknown,download_or_preprocessing_failed
unknown,download_or_preprocessing_failed
unknown,download_or_preprocessing_failed
unknown,download_or_preprocessing_failed
unknown,download_or_preprocessing_failed
unknown,download_or_preprocessing_failed
unknown,download_or_preprocessing_failed
unknown,download_or_preprocessing_failed
unknown,download_or_preprocessing_failed
unknown,download_or_preprocessing_failed
unknown,download_or_preprocessing_failed
unknown,download_or_preprocessing_failed
unknown,download_or_preprocessing_failed
unknown,download_or_preprocessing_failed
